Type,Target,Field,Category,Value,Status
Username,an4nyyaaa,Reddit,Social,https://www.reddit.com/user/an4nyyaaa,FOUND
Username,an4nyyaaa,Instagram,Social,https://www.instagram.com/an4nyyaaa,FOUND
Username,an4nyyaaa,Pinterest,Social,https://www.pinterest.com/an4nyyaaa,FOUND
Username,an4nyyaaa,TikTok,Social,https://www.tiktok.com/@an4nyyaaa,FOUND
Username,an4nyyaaa,Twitch,Video,https://www.twitch.tv/an4nyyaaa,FOUND
Username,an4nyyaaa,HackerNews,Tech,https://news.ycombinator.com/user?id=an4nyyaaa,FOUND
Username,an4nyyaaa,Medium,Writing,https://medium.com/@an4nyyaaa,FOUND
Username,an4nyyaaa,PyPI,Development,https://pypi.org/user/an4nyyaaa,FOUND
Email,lavanotnub@outlook.com,Validation,Email,Valid,OK
